{
  "content": [
    {
      "path": "ContentInfo/lowifreunde-stefanswelt/Thumbnail.jpg",
      "size": 106804,
      "date": 132727972446028978
    },
    {
      "path": "scenery/global/scenery/seegrube-modellib.BGL",
      "size": 56,
      "date": 132737757322007722
    },
    {
      "path": "scenery/world/scenery/lowj-scenery.bgl",
      "size": 754,
      "date": 132737757321453266
    },
    {
      "path": "scenery/world/scenery/seegrube-polygons.bgl",
      "size": 892,
      "date": 132737757321662641
    },
    {
      "path": "scenery/world/scenery/seegrube-scene.bgl",
      "size": 56,
      "date": 132737757321812588
    }
  ]
}