{
  "content": [
    {
      "path": "ContentInfo/lowifreunde-stefanswelt/Thumbnail.jpg",
      "size": 106804,
      "date": 132727972446028978
    },
    {
      "path": "scenery/global/scenery/seegrube-modellib.BGL",
      "size": 56,
      "date": 132736058146049074
    },
    {
      "path": "scenery/world/scenery/lowj-scenery.bgl",
      "size": 582,
      "date": 132736058145569095
    },
    {
      "path": "scenery/world/scenery/seegrube-polygons.bgl",
      "size": 892,
      "date": 132736058145689011
    },
    {
      "path": "scenery/world/scenery/seegrube-scene.bgl",
      "size": 56,
      "date": 132736058145838989
    }
  ]
}