{
  "content": [
    {
      "path": "ContentInfo/lowifreunde-stefanswelt/Thumbnail.jpg",
      "size": 106804,
      "date": 132727972446028978
    },
    {
      "path": "scenery/global/scenery/seegrube-modellib.BGL",
      "size": 56,
      "date": 132736098274701887
    },
    {
      "path": "scenery/world/scenery/lowj-scenery.bgl",
      "size": 670,
      "date": 132736098274241921
    },
    {
      "path": "scenery/world/scenery/seegrube-polygons.bgl",
      "size": 892,
      "date": 132736098274351836
    },
    {
      "path": "scenery/world/scenery/seegrube-scene.bgl",
      "size": 56,
      "date": 132736098274501814
    }
  ]
}